year,genre,duration,key,key_confidence,loudness,mode,mode_confidence,segments_loudness_max_mean,segments_loudness_max_std,segments_loudness_max_time_mean,segments_loudness_max_time_std,segments_loudness_start_mean,segments_loudness_start_std,tempo,time_signature,time_signature_confidence,segments_pitches_mean_0,segments_pitches_mean_1,segments_pitches_mean_2,segments_pitches_mean_3,segments_pitches_mean_4,segments_pitches_mean_5,segments_pitches_mean_6,segments_pitches_mean_7,segments_pitches_mean_8,segments_pitches_mean_9,segments_pitches_mean_10,segments_pitches_mean_11,segments_pitches_std_0,segments_pitches_std_1,segments_pitches_std_2,segments_pitches_std_3,segments_pitches_std_4,segments_pitches_std_5,segments_pitches_std_6,segments_pitches_std_7,segments_pitches_std_8,segments_pitches_std_9,segments_pitches_std_10,segments_pitches_std_11,segments_timbre_mean_0,segments_timbre_mean_1,segments_timbre_mean_2,segments_timbre_mean_3,segments_timbre_mean_4,segments_timbre_mean_5,segments_timbre_mean_6,segments_timbre_mean_7,segments_timbre_mean_8,segments_timbre_mean_9,segments_timbre_mean_10,segments_timbre_mean_11,segments_timbre_std_0,segments_timbre_std_1,segments_timbre_std_2,segments_timbre_std_3,segments_timbre_std_4,segments_timbre_std_5,segments_timbre_std_6,segments_timbre_std_7,segments_timbre_std_8,segments_timbre_std_9,segments_timbre_std_10,segments_timbre_std_11,timbre_mean,timbre_std,pitch_mean,pitch_std
1962,New Age,192.36526,8.0,1.0,-9.082,1.0,0.835,-15.090240549828179,9.72027512323316,0.053631907216494835,0.05248440067353461,-23.40861683848797,8.766480815738214,85.45700000000002,1.0,0.0,0.3743161512027491,0.4032268041237114,0.2615137457044672,0.4743230240549828,0.1820670103092782,0.1562319587628867,0.1215773195876289,0.2449690721649488,0.5490584192439858,0.16843814432989693,0.1981666666666668,0.1440807560137458,0.3219464796938287,0.3683482404235424,0.2386381370694478,0.3625561771175784,0.17986741196677436,0.179525001779309,0.16542350118205948,0.2471206678386537,0.3824489409888345,0.18201295823169875,0.23543836000770066,0.1709709446812577,41.057934707903755,-51.667591065292044,18.43647422680414,13.071792096219921,9.036778350515467,-4.114606529209619,0.16039347079038024,3.9502577319587626,0.3058917525773211,-0.4564759450171818,3.9017353951890064,11.274407216494836,8.940675661898803,72.35875432589798,44.77923621802804,36.72584488619074,27.190504813590387,29.71283172003039,23.54100232017854,23.179919024188557,18.379592041874584,21.423895365395808,14.606578603742356,17.64027661496236,"[-51.66759106529204, 18.43647422680414, 13.071792096219921, 9.036778350515467, -4.114606529209619, 0.16039347079038024, 3.9502577319587626, 0.3058917525773211, -0.45647594501718175, 3.901735395189006]","[72.35875432589798, 44.77923621802804, 36.72584488619074, 27.190504813590383, 29.71283172003039, 23.54100232017854, 23.179919024188553, 18.379592041874584, 21.42389536539581, 14.606578603742358]","[-51.66759106529204, 18.43647422680414, 13.071792096219921, 9.036778350515467, -4.114606529209619, 0.16039347079038024, 3.9502577319587626, 0.3058917525773211, -0.45647594501718175, 3.901735395189006]","[72.35875432589798, 44.77923621802804, 36.72584488619074, 27.190504813590383, 29.71283172003039, 23.54100232017854, 23.179919024188553, 18.379592041874584, 21.42389536539581, 14.606578603742358]"
1972,New Age,203.98975,4.0,0.4320000000000001,-33.866,0.0,0.654,-38.750365853658536,6.54944780862161,0.09268073170731707,0.09520554414811028,-42.68514146341465,6.407526500767427,123.708,4.0,0.0,0.1229975609756098,0.05713902439024384,0.31703170731707275,0.10007560975609754,0.4795926829268293,0.04662682926829267,0.18198292682926825,0.34041219512195103,0.0568,0.2668024390243904,0.06629756097560974,0.30725365853658565,0.21341083131106625,0.08253465016038396,0.3352204901903022,0.11987111631693108,0.42365623137808894,0.054327909210779984,0.2772293885122001,0.38086640426803137,0.09028531469059896,0.3200789574752476,0.10080848417596627,0.3618564518630392,19.12675365853659,-96.43457317073168,89.5022365853658,6.3314121951219535,138.389243902439,-35.13247804878047,10.677165853658543,9.684443902439023,-24.124434146341468,-1.3009780487804905,-3.6479878048780483,-12.554407317073164,6.393310569596622,76.55432429519196,101.99496194191074,50.011727723174346,40.12576368557076,18.61073860464688,48.42107353568385,19.027326206249988,28.646169391842804,15.423975958323224,10.629666134644005,34.39567810793713,"[-96.43457317073167, 89.5022365853658, 6.3314121951219535, 138.389243902439, -35.13247804878047, 10.677165853658543, 9.684443902439023, -24.124434146341468, -1.3009780487804905, -3.647987804878048]","[76.55432429519196, 101.99496194191074, 50.011727723174346, 40.12576368557076, 18.61073860464688, 48.42107353568385, 19.027326206249988, 28.646169391842804, 15.423975958323224, 10.629666134644005]","[-96.43457317073167, 89.5022365853658, 6.3314121951219535, 138.389243902439, -35.13247804878047, 10.677165853658543, 9.684443902439023, -24.124434146341468, -1.3009780487804905, -3.647987804878048]","[76.55432429519196, 101.99496194191074, 50.011727723174346, 40.12576368557076, 18.61073860464688, 48.42107353568385, 19.027326206249988, 28.646169391842804, 15.423975958323224, 10.629666134644005]"
1973,New Age,250.00444333333337,5.666666666666668,0.4633333333333333,-23.80716666666667,0.3333333333333333,0.6031666666666667,-27.78358377777554,5.3683405947662415,0.07981932408037204,0.11469595574888125,-33.420338119727425,5.49206671978316,156.4041666666666,2.0,0.4816666666666666,0.24648835072011574,0.2587930566153107,0.2576877713005601,0.22653594167045216,0.4193615147461561,0.2549687270581265,0.2044438527723679,0.2923036713762273,0.35112327024999795,0.4988702998093506,0.2402225313597259,0.2643711557078909,0.2380504733099892,0.22571513936594198,0.2643305110351719,0.21589068313876866,0.30244246791603113,0.2335610931683708,0.1995499463805809,0.2838420171634778,0.24441389663989144,0.3320200224132165,0.18430737441622305,0.26368770744993897,29.470138387675764,-82.81436945822958,30.25381478441059,-2.315548569658994,40.17883046579792,-19.794860752748413,0.4609562267917931,3.7879688326285086,-13.023983748550124,-1.1033404697337934,-1.7502146212937357,-5.90825958454054,5.10152660256489,59.56884795411679,55.00357864367743,33.2691795748706,34.62841371083351,23.117972799375906,31.220210844963237,20.471279569828244,27.028586124071122,16.56856638702014,12.45652006248076,21.342594748371354,"[-82.81436945822958, 30.25381478441059, -2.315548569658994, 40.17883046579792, -19.794860752748413, 0.4609562267917931, 3.7879688326285086, -13.023983748550123, -1.1033404697337934, -1.750214621293736]","[59.56884795411679, 55.003578643677415, 33.2691795748706, 34.62841371083351, 23.117972799375902, 31.220210844963233, 20.471279569828244, 27.02858612407112, 16.56856638702014, 12.45652006248076]","[-82.81436945822958, 30.25381478441059, -2.315548569658994, 40.17883046579792, -19.794860752748413, 0.4609562267917931, 3.7879688326285086, -13.023983748550123, -1.1033404697337934, -1.750214621293736]","[59.56884795411679, 55.003578643677415, 33.2691795748706, 34.62841371083351, 23.117972799375902, 31.220210844963233, 20.471279569828244, 27.02858612407112, 16.56856638702014, 12.45652006248076]"
1974,New Age,621.2958749999998,7.0,0.20800000000000002,-19.500000000000004,0.5,0.28500000000000003,-23.021916389732297,5.213435190122111,0.10649195434880676,0.3703562967852764,-26.831474476366754,5.712743345785836,141.85150000000004,3.5,0.5099999999999999,0.5488742750265302,0.5087618558286763,0.5151249866972406,0.2279984769148109,0.2102200720223255,0.2224200796054366,0.3095720279265317,0.42405204965904014,0.2636978651386694,0.33910939564755266,0.2755758533047071,0.40949044247886746,0.29263894143661456,0.3089690376727818,0.2687138856173656,0.1872071429377442,0.17649689524645326,0.18792909008109426,0.2217293592567733,0.2874631405154224,0.20537718604556374,0.2272631662309535,0.2391588848775783,0.30007918901201897,35.05840341184009,-165.36293636799985,15.94930690920566,-15.043118594263436,-37.06141020174097,-28.098632428917995,18.24637748901634,14.96564652057974,11.843765537084645,6.598688176421089,3.1791557426774517,8.418262545202438,5.390552318985309,56.25340263883538,51.06750913568364,22.00506743779088,30.34626122360541,12.067414475855939,22.360181890632678,15.949666194761072,27.019928361823254,11.365233735010074,8.062463441978172,13.217675138055036,"[-165.36293636799985, 15.94930690920566, -15.043118594263438, -37.06141020174097, -28.098632428917995, 18.24637748901634, 14.96564652057974, 11.843765537084645, 6.598688176421089, 3.1791557426774513]","[56.253402638835375, 51.06750913568364, 22.00506743779088, 30.346261223605413, 12.06741447585594, 22.360181890632674, 15.94966619476107, 27.019928361823258, 11.365233735010074, 8.062463441978174]","[-165.36293636799985, 15.94930690920566, -15.043118594263438, -37.06141020174097, -28.098632428917995, 18.24637748901634, 14.96564652057974, 11.843765537084645, 6.598688176421089, 3.1791557426774513]","[56.253402638835375, 51.06750913568364, 22.00506743779088, 30.346261223605413, 12.06741447585594, 22.360181890632674, 15.94966619476107, 27.019928361823258, 11.365233735010074, 8.062463441978174]"
1976,New Age,309.36771,6.0,0.5942142857142855,-16.241000000000007,0.7142857142857143,0.5029999999999999,-21.01058423184059,6.9672855077484455,0.07283942636739142,0.1297118629961642,-27.97058542375236,7.833997551411339,135.04957142857143,3.0,0.5487857142857143,0.44775237989191663,0.33490347024029465,0.26582610648362603,0.21179828710119147,0.2960887812713389,0.3067749816066216,0.24332600163102225,0.32693712598718705,0.26645189801489444,0.32215990326732896,0.2576695013270717,0.27972726735481607,0.3050991974293881,0.2639971629091403,0.254960741292936,0.19791892886272405,0.2450871574085905,0.2533653985605883,0.2204452211273156,0.285839593956623,0.226271081607638,0.2573110112190327,0.2390691918876397,0.24167606363987265,35.56757129991292,-37.746627562810424,30.74160533604666,9.211671980881547,-6.207855189835635,-12.128810457581626,2.366710311914751,2.494618688331078,-2.166647974541932,0.6484246785287,2.036819768125921,2.7489424266027283,7.011459502447237,60.20659882544627,53.6840060669349,36.15283214856197,36.091710884077415,25.944111037808806,28.361599416555535,22.000739564179764,24.34626453736885,16.838649989848676,14.751007104739726,21.99636803929189,"[-37.74662756281042, 30.74160533604666, 9.211671980881547, -6.207855189835634, -12.128810457581624, 2.366710311914751, 2.494618688331078, -2.166647974541932, 0.6484246785287, 2.036819768125921]","[60.20659882544627, 53.6840060669349, 36.15283214856197, 36.091710884077415, 25.944111037808803, 28.361599416555535, 22.000739564179757, 24.346264537368846, 16.838649989848676, 14.751007104739726]","[-37.74662756281042, 30.74160533604666, 9.211671980881547, -6.207855189835634, -12.128810457581624, 2.366710311914751, 2.494618688331078, -2.166647974541932, 0.6484246785287, 2.036819768125921]","[60.20659882544627, 53.6840060669349, 36.15283214856197, 36.091710884077415, 25.944111037808803, 28.361599416555535, 22.000739564179757, 24.346264537368846, 16.838649989848676, 14.751007104739726]"
1977,New Age,421.14804454545464,4.090909090909091,0.5188181818181817,-20.51527272727273,0.6363636363636364,0.5607272727272727,-24.81814931475337,6.024433877934414,0.0919824378191885,0.1348085529662442,-29.88699364066045,6.49385252421746,135.51299999999998,3.636363636363636,0.2746363636363636,0.2988263330865281,0.40149233420441977,0.30519102161146083,0.2297221347939868,0.33464020992548865,0.24945648247726476,0.2895533978114377,0.22011730732291188,0.28460618061146536,0.2584997377666129,0.18355061325973213,0.2415744839738087,0.24412442340337304,0.2791320431825296,0.21469804858288474,0.1979298111489872,0.2792440108233907,0.21945476923787866,0.2723380463443441,0.19330473488542016,0.22905476634557415,0.19069557721799213,0.18207938182705785,0.23695075106584246,32.700247356083864,-52.89884556768454,42.96979591062528,2.167658077634385,12.074932174862864,-20.209073858624595,2.3142557045680103,-3.6882258727443533,2.0018783303389043,1.3112531776067229,1.792069004016617,0.32648739917273656,6.089204069859662,55.60084811116689,42.0511205415228,26.40466009607493,32.4249382323388,17.787390327648662,27.60886932362856,16.688458052369768,24.86020575517773,14.294508129791977,10.8399849293398,22.67128668905749,"[-52.89884556768454, 42.969795910625265, 2.167658077634385, 12.074932174862862, -20.209073858624592, 2.3142557045680103, -3.688225872744354, 2.0018783303389043, 1.3112531776067229, 1.792069004016617]","[55.60084811116689, 42.0511205415228, 26.404660096074927, 32.424938232338796, 17.78739032764866, 27.608869323628557, 16.68845805236977, 24.860205755177727, 14.294508129791978, 10.839984929339801]","[-52.89884556768454, 42.969795910625265, 2.167658077634385, 12.074932174862862, -20.209073858624592, 2.3142557045680103, -3.688225872744354, 2.0018783303389043, 1.3112531776067229, 1.792069004016617]","[55.60084811116689, 42.0511205415228, 26.404660096074927, 32.424938232338796, 17.78739032764866, 27.608869323628557, 16.68845805236977, 24.860205755177727, 14.294508129791978, 10.839984929339801]"
1978,New Age,441.18739000000016,6.0,0.3975555555555556,-17.091333333333335,0.3333333333333333,0.4436666666666668,-20.94081398005039,5.581157414910551,0.058133123548891476,0.06441679750477068,-27.24403882002028,6.359540804491376,132.19577777777778,3.333333333333333,0.5080000000000001,0.3985458934789527,0.3710781264376604,0.2468906222098877,0.2939783413628062,0.25903401142213395,0.3028985534795217,0.2815055036709523,0.3054787366575764,0.28952278370419265,0.3210918772915912,0.4451086033754551,0.2475463598852609,0.3098921605155868,0.30491959776073685,0.22449184562570984,0.27213503368380265,0.2309298620444299,0.2753262634317949,0.26019435710458105,0.25061102829274184,0.2507402380742455,0.22571604500623998,0.2968123701777668,0.23587096818798814,36.03778967166231,-28.09572024533885,1.5041728080086576,-4.587911611364503,6.817325085575324,-18.354606533531122,-0.20957892030948166,-1.2960194890462609,2.750180371219304,1.9037034831031476,1.8450749375012616,5.550761227740758,5.606414469937255,50.784907985770104,41.03448060046971,31.41057454961873,27.78162211037291,22.523932789269253,22.447488402366506,16.396934082855896,20.1308424579772,13.713811638316065,11.871779242949586,16.756355716124705,"[-28.095720245338846, 1.5041728080086576, -4.587911611364503, 6.817325085575324, -18.35460653353112, -0.20957892030948166, -1.2960194890462609, 2.750180371219304, 1.9037034831031474, 1.8450749375012618]","[50.7849079857701, 41.03448060046971, 31.410574549618726, 27.78162211037291, 22.523932789269256, 22.447488402366503, 16.396934082855896, 20.1308424579772, 13.713811638316063, 11.871779242949586]","[-28.095720245338846, 1.5041728080086576, -4.587911611364503, 6.817325085575324, -18.35460653353112, -0.20957892030948166, -1.2960194890462609, 2.750180371219304, 1.9037034831031474, 1.8450749375012618]","[50.7849079857701, 41.03448060046971, 31.410574549618726, 27.78162211037291, 22.523932789269256, 22.447488402366503, 16.396934082855896, 20.1308424579772, 13.713811638316063, 11.871779242949586]"
1979,New Age,275.1913824999999,5.125,0.5583125000000003,-19.919875,0.5625,0.5357500000000001,-25.44896069830482,7.155421202480097,0.07980795818022778,0.08267598596910962,-31.681825531498657,7.583998068086151,114.6268125,3.375,0.549625,0.3012340105689771,0.3683492127051466,0.31648396181899924,0.24435266172737816,0.2960903258671662,0.2469413458682545,0.27306309356390324,0.26149937496188835,0.26811800822975873,0.28556272080969203,0.23546652824529998,0.3182834936427974,0.249086815371054,0.3046017890625598,0.26382672679625346,0.2348017646089018,0.2760483722506171,0.2249826114164748,0.2544295725492248,0.2506823182891343,0.23626324632486345,0.25382164872048435,0.2260448647345837,0.26315841442315474,31.47068623489852,10.974244867154145,32.35604020580766,-0.6130886836120729,15.545180748290315,-11.094925801830136,-7.949778373629535,-3.8372701376840297,-0.13390222858623366,-2.501418399826564,-0.8275410607494161,5.999167824646015,7.057687339167981,63.25233819010804,50.88667561015325,35.53751230770881,33.295197461288126,24.700748485973282,29.45409147095802,20.0969444040698,22.9242859912508,15.345447216975288,14.462898508637636,22.587375302197035,"[10.974244867154143, 32.356040205807666, -0.6130886836120729, 15.545180748290315, -11.094925801830138, -7.9497783736295355, -3.8372701376840297, -0.13390222858623366, -2.5014183998265636, -0.8275410607494161]","[63.25233819010804, 50.886675610153254, 35.537512307708816, 33.29519746128813, 24.700748485973282, 29.45409147095802, 20.096944404069795, 22.9242859912508, 15.34544721697529, 14.462898508637636]","[10.974244867154143, 32.356040205807666, -0.6130886836120729, 15.545180748290315, -11.094925801830138, -7.9497783736295355, -3.8372701376840297, -0.13390222858623366, -2.5014183998265636, -0.8275410607494161]","[63.25233819010804, 50.886675610153254, 35.537512307708816, 33.29519746128813, 24.700748485973282, 29.45409147095802, 20.096944404069795, 22.9242859912508, 15.34544721697529, 14.462898508637636]"
1980,New Age,350.73870333333326,5.666666666666668,0.35806666666666664,-14.803866666666671,0.6666666666666666,0.4638000000000002,-18.644583102114712,5.901030305130923,0.06741272055452051,0.08119804114701834,-25.0641340855193,6.160731821623078,138.62366666666662,3.733333333333333,0.33340000000000003,0.3875688357178837,0.47351612703086493,0.2807731992972416,0.20846322720914195,0.34153202907680275,0.3051953938982305,0.3084590528567596,0.2618625248576957,0.25994026553743643,0.32732590619311824,0.21501635861417911,0.32297801800193904,0.2381847206687331,0.29403364555536105,0.2358604364311784,0.19007672338260295,0.2679923921629455,0.23571189355700656,0.24724668778961545,0.21101767150640088,0.21903571645595915,0.2655152088414555,0.19752751908118046,0.26409898586560626,38.30352385104441,-9.19296374015045,56.360673818206045,13.791480756088738,15.947086952270098,-13.298629910041573,2.0221742323388443,-1.4797863289126831,3.461505586874293,1.1863835090979384,2.612834992482833,3.0497990467649623,5.664968461024211,46.430066506363794,39.713685104194866,27.841120888457503,26.848671012813522,24.244961393607532,21.25084739246213,16.394916368638924,19.57544067414193,12.760764454672744,12.1560140965646,18.52046324875377,"[-9.19296374015045, 56.360673818206045, 13.791480756088738, 15.947086952270098, -13.298629910041573, 2.0221742323388443, -1.4797863289126831, 3.4615055868742926, 1.1863835090979384, 2.612834992482833]","[46.4300665063638, 39.71368510419487, 27.841120888457503, 26.84867101281352, 24.244961393607532, 21.250847392462127, 16.394916368638924, 19.57544067414193, 12.760764454672744, 12.156014096564602]","[-9.19296374015045, 56.360673818206045, 13.791480756088738, 15.947086952270098, -13.298629910041573, 2.0221742323388443, -1.4797863289126831, 3.4615055868742926, 1.1863835090979384, 2.612834992482833]","[46.4300665063638, 39.71368510419487, 27.841120888457503, 26.84867101281352, 24.244961393607532, 21.250847392462127, 16.394916368638924, 19.57544067414193, 12.760764454672744, 12.156014096564602]"
1981,New Age,262.88747607142847,4.678571428571429,0.4824285714285714,-19.695535714285715,0.7857142857142857,0.5155357142857144,-23.97766866091597,5.9570428868122525,0.07238424250516573,0.0943794630249292,-31.712962135204464,6.37986044299723,115.95603571428568,3.1428571428571432,0.4041428571428571,0.24344593457882055,0.2846553087033781,0.3779880633223453,0.21665444789415975,0.29471717694255833,0.2498841644150617,0.2388389656943461,0.2875604665307319,0.2227380172235392,0.3597960682005839,0.2553521236273367,0.2441336450921853,0.2472101547856416,0.2741412120884165,0.3103124505945224,0.21699912623008494,0.2773906628726081,0.2275668306716115,0.2236769124779642,0.2875789993341471,0.2089392960899024,0.3023490135138219,0.2321458772883574,0.2489220703987216,32.215468912486486,-28.44532778049217,-17.582439122056684,-5.9239636462934335,0.5522723122771621,-8.721949121687446,-9.649251617937532,-8.151219063401742,-5.829265992177782,-1.0999257176067194,2.337886939519914,12.274524777280659,5.7384070255293285,51.198562447332726,38.379950239103884,38.361002215379365,27.822827635328075,27.33866164538319,24.26650735031116,21.106320852665547,20.08303033636888,17.696557032081618,14.563039913272336,17.65886736910711,"[-28.445327780492168, -17.582439122056684, -5.923963646293434, 0.5522723122771621, -8.721949121687448, -9.649251617937532, -8.151219063401742, -5.829265992177782, -1.0999257176067194, 2.337886939519914]","[51.19856244733273, 38.37995023910388, 38.361002215379365, 27.822827635328075, 27.338661645383187, 24.266507350311162, 21.106320852665547, 20.083030336368882, 17.696557032081618, 14.563039913272334]","[-28.445327780492168, -17.582439122056684, -5.923963646293434, 0.5522723122771621, -8.721949121687448, -9.649251617937532, -8.151219063401742, -5.829265992177782, -1.0999257176067194, 2.337886939519914]","[51.19856244733273, 38.37995023910388, 38.361002215379365, 27.822827635328075, 27.338661645383187, 24.266507350311162, 21.106320852665547, 20.083030336368882, 17.696557032081618, 14.563039913272334]"
1982,New Age,492.46866,9.333333333333334,0.6526666666666667,-22.60833333333333,0.6666666666666666,0.6706666666666669,-27.104400627265854,5.590904235977835,0.12651733628707645,0.3010692906898217,-31.42897947117732,5.286874644124085,97.39733333333336,2.6666666666666665,0.353,0.4050832164975585,0.3625286048667756,0.309793621186031,0.3515222587877797,0.1625062514610587,0.29882648472229445,0.1460250115388425,0.3039948326313768,0.28986957884778275,0.2851783940111654,0.3669352614153262,0.18388609274995135,0.3089969611581523,0.28059721839274393,0.2102467894337634,0.2362254259426488,0.15263394991499524,0.2760929447861307,0.13198820488857185,0.2965165027704104,0.2357689959247401,0.2265448408558853,0.322737628112565,0.1532148212613393,30.743267098975938,-99.77586334783724,59.91170342436553,7.686482780980662,8.307263672716,-20.303256010541567,10.105155261209667,3.3104899919204085,-30.773986454398035,-11.633175538129304,4.766824205852884,4.830362521429035,5.3492399312734475,43.17882820747402,54.31430313084197,29.76180204973995,39.87275545900515,16.981980563360654,30.4600371560682,15.04827126293504,28.116225437584273,12.924621392139118,9.740610116680113,22.3718223721082,"[-99.77586334783723, 59.91170342436553, 7.686482780980662, 8.307263672716, -20.303256010541563, 10.105155261209669, 3.3104899919204085, -30.773986454398035, -11.633175538129302, 4.766824205852884]","[43.17882820747402, 54.314303130841964, 29.761802049739945, 39.87275545900515, 16.981980563360654, 30.460037156068204, 15.04827126293504, 28.11622543758427, 12.924621392139118, 9.740610116680111]","[-99.77586334783723, 59.91170342436553, 7.686482780980662, 8.307263672716, -20.303256010541563, 10.105155261209669, 3.3104899919204085, -30.773986454398035, -11.633175538129302, 4.766824205852884]","[43.17882820747402, 54.314303130841964, 29.761802049739945, 39.87275545900515, 16.981980563360654, 30.460037156068204, 15.04827126293504, 28.11622543758427, 12.924621392139118, 9.740610116680111]"
1983,New Age,311.4014382926828,5.975609756097561,0.5013658536585368,-18.44936585365854,0.6341463414634146,0.53509756097561,-23.465133849778923,6.670144551149965,0.07741811483203029,0.10339002682951423,-29.014450727351203,6.763951846610879,108.69221951219515,3.3414634146341466,0.5698292682926831,0.29776328724255674,0.2953894418540309,0.2712569185339801,0.24161972265836326,0.29395395215960113,0.29308338122445743,0.2662993145768409,0.26448329323626873,0.2306493411573701,0.2870364101544411,0.2513950006536907,0.2631846974417505,0.26440703513218944,0.2695456397107213,0.25310328989552805,0.23477877178049444,0.2620827180598239,0.2621712946870611,0.24544144282242106,0.2598892176763645,0.22794813219456286,0.2684393409351796,0.2379139607296145,0.2458308232851342,33.821750444011585,-51.71476777328993,42.97525857588096,5.993854543522296,15.103881028786676,-17.098191112565544,-2.6423694678939444,-1.2914044819712658,-2.70564084283578,-0.43708335227617984,3.7853535362242345,5.300332398833065,6.488875783397585,51.600399279487895,43.86447860304579,29.587472139692483,32.66957888254249,20.410313969239887,24.066752555412027,16.94499011506737,22.433549280754423,13.503662509553337,11.733511346667573,19.91919331519829,"[-51.71476777328993, 42.97525857588096, 5.993854543522296, 15.103881028786674, -17.098191112565544, -2.6423694678939444, -1.2914044819712658, -2.7056408428357797, -0.43708335227617984, 3.785353536224235]","[51.6003992794879, 43.86447860304579, 29.587472139692483, 32.66957888254249, 20.410313969239883, 24.066752555412023, 16.94499011506737, 22.43354928075442, 13.503662509553337, 11.733511346667576]","[-51.71476777328993, 42.97525857588096, 5.993854543522296, 15.103881028786674, -17.098191112565544, -2.6423694678939444, -1.2914044819712658, -2.7056408428357797, -0.43708335227617984, 3.785353536224235]","[51.6003992794879, 43.86447860304579, 29.587472139692483, 32.66957888254249, 20.410313969239883, 24.066752555412023, 16.94499011506737, 22.43354928075442, 13.503662509553337, 11.733511346667576]"
1984,New Age,304.09020735294115,4.941176470588236,0.6105294117647054,-19.0909411764706,0.4705882352941176,0.6155,-23.527421416042323,6.296413937251209,0.0605926875121283,0.0960544977120362,-30.973764806843906,6.347751927540722,121.94344117647064,3.2647058823529416,0.3768823529411766,0.3626159971554725,0.2975138457293454,0.3129516859682985,0.2025162330099878,0.3238652520296142,0.2563256698883506,0.2505637090352644,0.32042578417688883,0.2163549376679645,0.2951351531704651,0.20549241389255765,0.25897429437399505,0.3064259847961661,0.2520396263359833,0.2798914445647813,0.1973393529779864,0.2740068141903069,0.24669260313097244,0.2309778092668528,0.2851595672497752,0.2105063312783437,0.284465998709938,0.21445381995184312,0.2481377485475319,32.932177812095325,-38.96227399843653,20.265661017402614,11.809817080126223,13.286609761864419,-11.162313288624055,-3.8025342504451247,-6.231473009440991,-3.5697166424807216,-0.2734556776211816,3.7859366067061835,4.531037155234089,5.979597811972165,50.27793508338449,40.47915147404718,31.61466199206553,29.23788135771971,25.67786837086515,24.6383923275496,18.919067493976648,21.07873984553118,15.452191810971794,13.372696302420454,19.430365763822905,"[-38.96227399843653, 20.265661017402618, 11.809817080126223, 13.286609761864419, -11.162313288624054, -3.8025342504451247, -6.2314730094409905, -3.569716642480721, -0.2734556776211816, 3.785936606706184]","[50.27793508338449, 40.47915147404718, 31.614661992065535, 29.237881357719708, 25.677868370865152, 24.6383923275496, 18.919067493976648, 21.07873984553118, 15.452191810971794, 13.372696302420454]","[-38.96227399843653, 20.265661017402618, 11.809817080126223, 13.286609761864419, -11.162313288624054, -3.8025342504451247, -6.2314730094409905, -3.569716642480721, -0.2734556776211816, 3.785936606706184]","[50.27793508338449, 40.47915147404718, 31.614661992065535, 29.237881357719708, 25.677868370865152, 24.6383923275496, 18.919067493976648, 21.07873984553118, 15.452191810971794, 13.372696302420454]"
1985,New Age,273.67900249999985,4.375,0.4581250000000001,-21.41012500000001,0.7083333333333334,0.59775,-25.77440244147436,5.90132053834872,0.08340532192295562,0.10380325139618636,-31.210499190668486,5.749201271294212,121.66216666666669,3.6666666666666665,0.44679166666666653,0.3236864371302877,0.23246373968849354,0.32945372532613193,0.19772387190158036,0.2692106387845572,0.3036402507499525,0.2388610126661075,0.2978199641563468,0.1718237765869097,0.3071047792250506,0.2020420582728161,0.22587794586318602,0.2677178020085342,0.19906411977833727,0.2951258159035708,0.1850250315060474,0.25840894542375226,0.26883721697437146,0.2120870430383462,0.27097659286144565,0.1753159159082757,0.275756575077213,0.1783055826034981,0.2227246878938557,31.530787184660785,-101.78960593253565,29.295628498480387,-0.2247678627753023,24.386175028941718,-22.02887896505979,2.4138304108642608,7.046670819281242,-4.730688730710339,1.659483008572173,1.9737029402973092,-3.3463700545355364,5.6358222662278425,47.556535563300066,43.29204793459325,28.93455689559532,28.59484103636372,21.008248405135024,24.063436118099798,16.405460262354605,21.85175094703713,12.96038218860842,10.431563662390717,19.31640810408649,"[-101.78960593253566, 29.295628498480383, -0.2247678627753023, 24.38617502894172, -22.02887896505979, 2.4138304108642608, 7.046670819281242, -4.730688730710339, 1.659483008572173, 1.9737029402973094]","[47.55653556330006, 43.29204793459325, 28.934556895595318, 28.594841036363718, 21.008248405135024, 24.063436118099798, 16.405460262354605, 21.851750947037132, 12.96038218860842, 10.431563662390717]","[-101.78960593253566, 29.295628498480383, -0.2247678627753023, 24.38617502894172, -22.02887896505979, 2.4138304108642608, 7.046670819281242, -4.730688730710339, 1.659483008572173, 1.9737029402973094]","[47.55653556330006, 43.29204793459325, 28.934556895595318, 28.594841036363718, 21.008248405135024, 24.063436118099798, 16.405460262354605, 21.851750947037132, 12.96038218860842, 10.431563662390717]"
1986,New Age,279.6428115625,4.9375,0.4456250000000003,-15.366781250000017,0.65625,0.5043749999999999,-18.868408763202694,5.506392113412873,0.07525370842584349,0.101548893859771,-24.336169460317844,6.047169976585296,118.03331249999997,3.59375,0.6626249999999995,0.34701962793058705,0.29167133750325663,0.253041824751833,0.1910206586453848,0.3130235270645363,0.2973939426115027,0.2522107015464989,0.2836764235898839,0.2403300111600755,0.2899635594738167,0.20728066009934892,0.2619995109544733,0.28566742455453203,0.2559189955902065,0.2459715841812051,0.1998955314545091,0.27480332305560823,0.2575003756015109,0.2272231701649165,0.2528638138942424,0.2366684816806137,0.2704691565650563,0.21407405911182253,0.24289015771303224,38.3816248737645,-22.985985210511924,53.402895664113785,9.461932180178644,5.266250713097811,-16.50832614850029,-3.5808009319623046,-3.963181217929282,0.3161029864620937,-0.16483601804898235,4.141153339510768,3.177124967193605,5.52845554445396,51.68660232890022,39.19320480277442,27.834335838753514,28.133722496978297,20.13532963380459,23.631156659315486,15.718602786101654,20.036846424789353,13.1929512822485,11.667185516967374,19.3182795403325,"[-22.985985210511917, 53.40289566411379, 9.461932180178644, 5.266250713097811, -16.50832614850029, -3.5808009319623046, -3.963181217929282, 0.3161029864620937, -0.16483601804898237, 4.141153339510768]","[51.68660232890022, 39.193204802774424, 27.834335838753514, 28.133722496978297, 20.13532963380459, 23.631156659315483, 15.718602786101657, 20.03684642478935, 13.192951282248501, 11.667185516967372]","[-22.985985210511917, 53.40289566411379, 9.461932180178644, 5.266250713097811, -16.50832614850029, -3.5808009319623046, -3.963181217929282, 0.3161029864620937, -0.16483601804898237, 4.141153339510768]","[51.68660232890022, 39.193204802774424, 27.834335838753514, 28.133722496978297, 20.13532963380459, 23.631156659315483, 15.718602786101657, 20.03684642478935, 13.192951282248501, 11.667185516967372]"
1987,New Age,280.05272452380933,4.238095238095238,0.4807380952380949,-18.408261904761897,0.6666666666666666,0.5652142857142856,-22.423934818377376,6.012784389283072,0.08130642167533081,0.12640193232888408,-28.375354458702827,6.164237722174351,114.72423809523805,3.333333333333333,0.5695952380952376,0.3320481386328722,0.2977065055986249,0.3209392720729934,0.20365556568754206,0.29131362446418896,0.23816803179420498,0.2621009792321114,0.3160090125988598,0.21500694002456375,0.3460164307583468,0.2249478166841664,0.2419075534053759,0.2738416288646812,0.2500530227983734,0.2817823866288089,0.1965431100102576,0.26361338446757776,0.2426131916152222,0.22479010255375334,0.2815206103426573,0.21373256090105114,0.283697094510397,0.22405451712263896,0.23023099880574135,34.614690460137375,-57.320872966461614,19.604628872119147,-0.8892157795448437,9.846065794151832,-17.116816859837662,-0.4937390469636981,-3.784138146852825,-0.061097456763050714,-0.3571885523537311,1.6214763482725274,2.680554260344516,5.8291766925162065,52.65562851913649,38.36425187962498,29.04476883199616,28.965221818294072,21.580818082925678,23.193041366750258,17.35069057119262,19.45677499679135,13.99373216626741,11.985288803221044,17.916843838017712,"[-57.32087296646161, 19.604628872119143, -0.8892157795448437, 9.846065794151832, -17.116816859837666, -0.49373904696369814, -3.7841381468528246, -0.06109745676305071, -0.3571885523537311, 1.6214763482725274]","[52.655628519136485, 38.36425187962498, 29.04476883199616, 28.96522181829407, 21.580818082925674, 23.19304136675026, 17.35069057119262, 19.45677499679135, 13.993732166267408, 11.985288803221046]","[-57.32087296646161, 19.604628872119143, -0.8892157795448437, 9.846065794151832, -17.116816859837666, -0.49373904696369814, -3.7841381468528246, -0.06109745676305071, -0.3571885523537311, 1.6214763482725274]","[52.655628519136485, 38.36425187962498, 29.04476883199616, 28.96522181829407, 21.580818082925674, 23.19304136675026, 17.35069057119262, 19.45677499679135, 13.993732166267408, 11.985288803221046]"
1988,New Age,293.1439278666666,4.706666666666667,0.4914800000000002,-21.177933333333332,0.6666666666666666,0.5756133333333336,-25.55035507690843,6.045720132012402,0.1253564907349921,0.23862641270880164,-30.64703661205833,6.073820677953652,115.64004000000013,3.453333333333333,0.4840399999999999,0.3656298771861663,0.29204262046486473,0.34070399404240925,0.20839786547124856,0.28137819797027025,0.26396025160267256,0.22400066760453305,0.3262807283281894,0.21481673936787227,0.3107291263645107,0.2309473852289545,0.25999196097846794,0.2873402091243608,0.23683275468358125,0.2781832492959902,0.19067855635616784,0.2522654604425588,0.2435484922582551,0.21453756774012786,0.2817551648387311,0.20174563705536067,0.27080755404680545,0.22034024876515906,0.239098096557036,31.872949708929273,-67.43886190054486,15.369387443771767,-6.703468687288313,16.81708110929897,-23.271775431570507,0.8926568585347785,-1.4397150501843912,3.2219594180154374,1.136172186710773,1.4416283388106947,4.24818599008254,5.877977554111362,51.35567580012236,43.49416000144543,28.737065445151767,30.898785742551237,18.868314738323377,25.85436865461504,16.314503239017064,23.479020310485897,13.06226704427392,11.14504372615935,20.979044987600926,"[-67.43886190054486, 15.369387443771767, -6.703468687288314, 16.81708110929897, -23.271775431570504, 0.8926568585347785, -1.4397150501843912, 3.2219594180154374, 1.136172186710773, 1.4416283388106947]","[51.35567580012237, 43.49416000144543, 28.737065445151767, 30.89878574255124, 18.86831473832338, 25.85436865461504, 16.314503239017064, 23.4790203104859, 13.06226704427392, 11.145043726159352]","[-67.43886190054486, 15.369387443771767, -6.703468687288314, 16.81708110929897, -23.271775431570504, 0.8926568585347785, -1.4397150501843912, 3.2219594180154374, 1.136172186710773, 1.4416283388106947]","[51.35567580012237, 43.49416000144543, 28.737065445151767, 30.89878574255124, 18.86831473832338, 25.85436865461504, 16.314503239017064, 23.4790203104859, 13.06226704427392, 11.145043726159352]"
1989,New Age,328.72339939999983,5.0,0.4640800000000006,-17.198640000000008,0.66,0.5363399999999999,-21.480749330401085,6.27439805741584,0.08113405862570633,0.10987349030525413,-26.99128624919732,6.657398686571766,129.07559999999987,3.24,0.4957600000000002,0.3665523715365755,0.3156751288830101,0.2765096648609472,0.22875883531180685,0.27709437239401397,0.2757155859629699,0.22902516752924845,0.3049265173738987,0.23459423727670145,0.280112385282353,0.2573454010693379,0.2501037587995413,0.3015872173786109,0.27300008093219946,0.2640528399079406,0.22101209786396314,0.2530338481987735,0.26876539277605,0.2325934999808387,0.2840845611499944,0.23176830058455536,0.2748606957823586,0.2509526717819984,0.24724131094355806,35.76377556737197,-48.72607229449577,40.46482443715853,4.301528496603134,9.924030885850417,-17.115105687322124,-0.4830907776581602,-3.7892045327527053,0.8587257535222335,0.2641363127000657,2.71254547730869,6.170170612919077,6.240854545585793,48.28709142590228,44.14784581025878,29.328700421931966,30.284507146751558,20.35243356595967,26.387717452321855,17.076302947692273,22.56670901706984,13.757726857730935,11.950231128828568,22.22489654148569,"[-48.72607229449577, 40.46482443715854, 4.301528496603134, 9.924030885850417, -17.115105687322124, -0.48309077765816016, -3.789204532752705, 0.8587257535222335, 0.2641363127000657, 2.71254547730869]","[48.28709142590228, 44.14784581025878, 29.32870042193197, 30.284507146751555, 20.35243356595967, 26.387717452321855, 17.076302947692273, 22.56670901706984, 13.757726857730937, 11.950231128828568]","[-48.72607229449577, 40.46482443715854, 4.301528496603134, 9.924030885850417, -17.115105687322124, -0.48309077765816016, -3.789204532752705, 0.8587257535222335, 0.2641363127000657, 2.71254547730869]","[48.28709142590228, 44.14784581025878, 29.32870042193197, 30.284507146751555, 20.35243356595967, 26.387717452321855, 17.076302947692273, 22.56670901706984, 13.757726857730937, 11.950231128828568]"
1990,New Age,293.57254829268317,5.439024390243904,0.5124146341463417,-18.932609756097573,0.4634146341463415,0.5622439024390238,-23.540995438358244,6.4209202164568255,0.06448780338355356,0.0949840226805641,-29.941834635644298,6.267977880780357,123.52065853658534,3.2439024390243905,0.4825853658536585,0.3466054361145988,0.3030063372711778,0.35727744659729793,0.22100408214272046,0.2790908986885866,0.3049875824824281,0.22148338822135796,0.3151584390318853,0.20919568144232573,0.3152925201087507,0.23345388353739044,0.2091423994243856,0.2976928158336995,0.2487761628365513,0.29873218467564344,0.2109056896455877,0.2617631636265969,0.2731109665662119,0.22165273607531147,0.28616817121565474,0.2033023474724411,0.28568319812783355,0.2364960083493323,0.21772298525958106,33.23817412924326,-57.71990793428432,16.259920000149553,3.5280499952240776,17.65799443017802,-16.50227986639175,-2.216670590128788,-4.166061809687165,-1.284737461316232,-0.2935643317588287,2.7639285254518566,1.867895006431025,6.066854814325824,48.966596076011896,43.85969168104444,30.89042884062376,30.848684683250646,24.01818556092957,26.030945899383834,18.26848795282785,22.466830996509536,15.058191138293507,12.092173691986465,20.242578305285075,"[-57.71990793428432, 16.259920000149553, 3.5280499952240776, 17.657994430178025, -16.50227986639175, -2.2166705901287878, -4.166061809687165, -1.284737461316232, -0.2935643317588287, 2.7639285254518566]","[48.966596076011896, 43.85969168104444, 30.89042884062376, 30.848684683250646, 24.018185560929567, 26.030945899383834, 18.26848795282785, 22.46683099650954, 15.058191138293509, 12.092173691986465]","[-57.71990793428432, 16.259920000149553, 3.5280499952240776, 17.657994430178025, -16.50227986639175, -2.2166705901287878, -4.166061809687165, -1.284737461316232, -0.2935643317588287, 2.7639285254518566]","[48.966596076011896, 43.85969168104444, 30.89042884062376, 30.848684683250646, 24.018185560929567, 26.030945899383834, 18.26848795282785, 22.46683099650954, 15.058191138293509, 12.092173691986465]"
1991,New Age,316.4432268421048,5.0,0.5398947368421056,-19.470473684210525,0.543859649122807,0.5917192982456143,-23.824322385336078,6.227509405534617,0.07612431210443049,0.11072650436763956,-29.76426101457157,6.24934061213659,117.01436842105257,3.3508771929824563,0.5449649122807018,0.3220332768192617,0.2785965703915509,0.2768073840289364,0.21958245255516515,0.3164378418509192,0.2697214634940128,0.2404419907817196,0.2792782934844648,0.21180444578344546,0.29111093140307576,0.2364017795037667,0.2610649218993439,0.2792525973778343,0.2632743037485931,0.2705115625343444,0.22654538836795174,0.26588072631867354,0.2578587559824413,0.22470496413057015,0.2716857868639598,0.21638184234165453,0.2716040137467473,0.2365848007164724,0.2465511210909464,33.17517274743456,-68.28326571072073,7.725825749365764,-4.951717759610656,18.221543131976393,-19.507005913142773,-2.490472479181685,-2.360847745885351,-3.134488442863161,-1.6452941457312749,1.9120221684737515,1.6176310154037907,5.9689776995538,50.83958597776302,45.65022452525339,31.288122046346647,33.682219580297605,22.069813177596387,27.317134970165554,19.091661267934626,23.43428910580675,15.19099805217954,12.705015199454449,21.296818220750502,"[-68.28326571072073, 7.725825749365764, -4.951717759610655, 18.221543131976393, -19.507005913142773, -2.490472479181685, -2.360847745885351, -3.134488442863161, -1.645294145731275, 1.9120221684737515]","[50.839585977763015, 45.65022452525339, 31.288122046346643, 33.68221958029761, 22.069813177596387, 27.317134970165547, 19.091661267934626, 23.43428910580675, 15.19099805217954, 12.705015199454449]","[-68.28326571072073, 7.725825749365764, -4.951717759610655, 18.221543131976393, -19.507005913142773, -2.490472479181685, -2.360847745885351, -3.134488442863161, -1.645294145731275, 1.9120221684737515]","[50.839585977763015, 45.65022452525339, 31.288122046346643, 33.68221958029761, 22.069813177596387, 27.317134970165547, 19.091661267934626, 23.43428910580675, 15.19099805217954, 12.705015199454449]"
1992,New Age,281.4276730681821,4.909090909090909,0.4663295454545457,-18.478329545454518,0.6136363636363636,0.5518750000000009,-23.175374892444392,6.223632422270796,0.07387581752901225,0.09667835372730853,-28.718112560962357,6.404972116730289,124.0104204545456,3.363636363636364,0.4707499999999997,0.35803526248469564,0.3007281463877712,0.3279449167491659,0.2332686190716477,0.28037703461859337,0.2746663859137082,0.22082558844687095,0.311687485034198,0.2227705159305474,0.2842038384713924,0.23265471880783575,0.2406876322599412,0.3016630984667787,0.254861780974504,0.2766145229494829,0.2198616395794431,0.2619372040331681,0.2615945056373762,0.21737761621522048,0.27783247316078663,0.20656142580669215,0.2601511880973367,0.2253703607804016,0.2351746517798881,34.079179250604035,-66.35872888070345,13.801712598938591,-5.432181157491992,6.526980602750255,-18.439446050189513,-3.969788636379744,-1.701843933542758,0.3978505807342154,0.9039858308426908,1.6642563096784968,1.2919027642015335,6.088530502167282,52.17959694618206,43.044828493850886,28.59848939286613,31.80261800533683,20.921063938038763,25.299883255700497,17.05168435949918,22.881732957748145,13.8553363230273,11.587858442374744,19.566130011729168,"[-66.35872888070345, 13.801712598938593, -5.432181157491991, 6.526980602750255, -18.43944605018951, -3.969788636379744, -1.701843933542758, 0.3978505807342154, 0.9039858308426907, 1.6642563096784968]","[52.17959694618206, 43.04482849385089, 28.598489392866128, 31.802618005336832, 20.921063938038756, 25.2998832557005, 17.05168435949918, 22.881732957748145, 13.8553363230273, 11.587858442374745]","[-66.35872888070345, 13.801712598938593, -5.432181157491991, 6.526980602750255, -18.43944605018951, -3.969788636379744, -1.701843933542758, 0.3978505807342154, 0.9039858308426907, 1.6642563096784968]","[52.17959694618206, 43.04482849385089, 28.598489392866128, 31.802618005336832, 20.921063938038756, 25.2998832557005, 17.05168435949918, 22.881732957748145, 13.8553363230273, 11.587858442374745]"
1993,New Age,297.8256785542173,5.457831325301205,0.4401445783132533,-17.043385542168682,0.5421686746987951,0.5083855421686746,-20.826497415632094,5.525483513588838,0.07185447697521677,0.09079980342994788,-27.189841455613784,5.703728461773608,117.07572289156622,3.6987951807228914,0.5619759036144576,0.33173169302816197,0.3166094352151797,0.3536006235680958,0.22858774987889866,0.33305564658091696,0.2396250980166293,0.2474753227258159,0.3207959308312716,0.23180953185301054,0.34714182430092205,0.2041730852766366,0.27207848471496177,0.2795495572465047,0.2623187648085986,0.2908172411634972,0.20191746118643428,0.27685538344675764,0.22517901360899267,0.22510612227238985,0.2782360883947615,0.21517282047881695,0.2904689292583628,0.1974766330094561,0.25691636285856856,36.033986398312585,-51.19695302890082,14.462988484045349,0.4582660923829154,9.581358134238684,-15.858392839699947,-3.0150624489615976,-6.737910327268213,1.8226593538653364,0.08196928500591624,2.5298666556509177,5.1874664035108085,5.327109667753988,46.573080324879186,39.36604123656273,30.4092050152293,28.293698177346958,22.74856517316981,24.46466620219187,17.281564935588946,20.67377927411481,14.454954951237376,12.63480187230256,19.5746817695097,"[-51.19695302890083, 14.462988484045347, 0.4582660923829154, 9.581358134238684, -15.858392839699947, -3.0150624489615976, -6.737910327268212, 1.8226593538653364, 0.08196928500591624, 2.529866655650918]","[46.57308032487919, 39.36604123656273, 30.4092050152293, 28.29369817734696, 22.748565173169812, 24.464666202191868, 17.281564935588943, 20.673779274114814, 14.454954951237376, 12.634801872302559]","[-51.19695302890083, 14.462988484045347, 0.4582660923829154, 9.581358134238684, -15.858392839699947, -3.0150624489615976, -6.737910327268212, 1.8226593538653364, 0.08196928500591624, 2.529866655650918]","[46.57308032487919, 39.36604123656273, 30.4092050152293, 28.29369817734696, 22.748565173169812, 24.464666202191868, 17.281564935588943, 20.673779274114814, 14.454954951237376, 12.634801872302559]"
1994,New Age,314.9297134090909,5.340909090909091,0.4765000000000004,-17.74974999999998,0.6477272727272727,0.5315227272727269,-21.80930815367881,5.8059289638434555,0.06174751969055262,0.0922699532774826,-28.343100321682392,5.771911459621188,121.0985795454546,3.875,0.516329545454546,0.3667997349882883,0.3595336296770125,0.30894923379963346,0.21826368958828385,0.3422173870893437,0.2652075990987554,0.2742814747471001,0.30631455555537923,0.2487940756627653,0.30785431117796996,0.2329300405077902,0.2673412462564216,0.28088943156317714,0.2682772089154156,0.26745672529939096,0.19750528474460288,0.2731128763087511,0.2476534712269259,0.2400200743773369,0.2698796376616347,0.22854147152600715,0.27619874666372296,0.2200545436819133,0.2563252048825301,34.96635536475045,-75.15654110478438,10.103174181812692,2.8157047982489933,11.818544320303516,-16.71695298835516,-3.0951828186089982,-2.6272234391196783,-2.066700417657352,0.6147926784985527,3.4353017749123134,1.2685321323316645,5.4723992355204985,47.606881474183986,42.561798174293145,30.932292030618537,31.07901256968237,24.244834667975454,26.36412941800043,17.804841488865137,23.14658882214643,14.603794501370167,12.480012222425033,21.148133742242447,"[-75.15654110478437, 10.103174181812692, 2.815704798248993, 11.818544320303515, -16.71695298835516, -3.095182818608998, -2.6272234391196783, -2.0667004176573514, 0.6147926784985527, 3.435301774912313]","[47.60688147418399, 42.561798174293145, 30.93229203061854, 31.07901256968237, 24.244834667975457, 26.36412941800043, 17.804841488865137, 23.14658882214643, 14.603794501370167, 12.480012222425035]","[-75.15654110478437, 10.103174181812692, 2.815704798248993, 11.818544320303515, -16.71695298835516, -3.095182818608998, -2.6272234391196783, -2.0667004176573514, 0.6147926784985527, 3.435301774912313]","[47.60688147418399, 42.561798174293145, 30.93229203061854, 31.07901256968237, 24.244834667975457, 26.36412941800043, 17.804841488865137, 23.14658882214643, 14.603794501370167, 12.480012222425035]"
1995,New Age,295.6141085858586,5.262626262626263,0.5216565656565654,-15.329161616161615,0.6262626262626263,0.5581515151515155,-19.57451209238762,6.219708239389508,0.07076239711193663,0.08999194983122333,-26.104702044530416,6.492455988134742,123.23922222222215,3.7373737373737375,0.5695050505050502,0.4040011281590368,0.390386298418492,0.3167453748084297,0.25113913988055914,0.3343020671410428,0.2780435376572365,0.2734968356621744,0.31370788495680874,0.26784322170712443,0.3303591785702916,0.255551866945517,0.2690695612717735,0.299506020205206,0.27670591130519506,0.2700258534943281,0.2258241118729008,0.2699205565955249,0.2569768261057632,0.2460313335425073,0.2741745728276795,0.2442841022951615,0.2838240539218421,0.2354342225559342,0.2514828370062349,37.150840763658096,-45.15690424686632,2.47047156876,-2.6295692821933176,6.584971814132769,-16.68436939248566,-0.9035395196421182,-5.9421177786604815,4.390603039408909,0.14873688107264169,1.6398683159676757,3.1725958006775783,6.041702723503947,50.619922006740225,43.536274382588225,31.102198359409922,30.06118878913925,23.157477013782113,25.403767899743013,17.822110719348387,20.955374891822387,15.07598091422626,12.860434358039928,19.038984512303816,"[-45.15690424686632, 2.47047156876, -2.6295692821933176, 6.584971814132769, -16.68436939248566, -0.9035395196421182, -5.9421177786604815, 4.390603039408908, 0.14873688107264169, 1.6398683159676755]","[50.619922006740225, 43.53627438258823, 31.10219835940992, 30.06118878913925, 23.157477013782113, 25.40376789974301, 17.822110719348387, 20.955374891822384, 15.07598091422626, 12.860434358039928]","[-45.15690424686632, 2.47047156876, -2.6295692821933176, 6.584971814132769, -16.68436939248566, -0.9035395196421182, -5.9421177786604815, 4.390603039408908, 0.14873688107264169, 1.6398683159676755]","[50.619922006740225, 43.53627438258823, 31.10219835940992, 30.06118878913925, 23.157477013782113, 25.40376789974301, 17.822110719348387, 20.955374891822384, 15.07598091422626, 12.860434358039928]"
1996,New Age,291.3005716326532,5.142857142857143,0.5155816326530607,-17.047673469387778,0.6632653061224489,0.5572040816326528,-21.14414892833024,6.0058286449056935,0.06184324438196692,0.07330016075814423,-27.82218180487267,6.018233133350455,128.836387755102,3.5510204081632653,0.5115816326530609,0.3726088402565427,0.3647480145334455,0.3291432829318617,0.2543527066903772,0.3128839502234583,0.2454418689791595,0.2739128983478589,0.3336646997131419,0.2755094397780951,0.3164824697923133,0.2355113017055297,0.2725217980031968,0.28485854473636063,0.27527908658422434,0.2733841157220707,0.22391970332846214,0.2722422659622506,0.23428197848272075,0.248474879008644,0.2743577059643659,0.24589664864950256,0.2775682706597704,0.22535460076981514,0.2581940301034049,35.49826534942797,-60.554957097774746,4.477091102097543,0.22447611225888092,13.666930112235134,-15.732747890211225,-3.7427559654059688,-2.9709370058745552,-2.649892864379315,-0.8068609814766851,3.089936406804127,3.127710545818192,5.679847239439063,46.541041987255355,39.42365530836018,30.701897976529704,28.573431870715574,24.091069563034086,23.824986266250356,17.75198540067739,20.66648535228085,14.85555021483434,12.701643999146118,18.676976274037226,"[-60.55495709777474, 4.477091102097543, 0.22447611225888095, 13.666930112235137, -15.732747890211225, -3.7427559654059688, -2.9709370058745552, -2.649892864379315, -0.806860981476685, 3.089936406804127]","[46.54104198725535, 39.42365530836018, 30.701897976529704, 28.573431870715577, 24.091069563034083, 23.82498626625036, 17.75198540067739, 20.666485352280855, 14.85555021483434, 12.701643999146121]","[-60.55495709777474, 4.477091102097543, 0.22447611225888095, 13.666930112235137, -15.732747890211225, -3.7427559654059688, -2.9709370058745552, -2.649892864379315, -0.806860981476685, 3.089936406804127]","[46.54104198725535, 39.42365530836018, 30.701897976529704, 28.573431870715577, 24.091069563034083, 23.82498626625036, 17.75198540067739, 20.666485352280855, 14.85555021483434, 12.701643999146121]"
1997,New Age,290.8872826923077,5.315384615384615,0.5279923076923072,-16.992038461538478,0.5923076923076923,0.57626923076923,-21.04042717531444,5.774165120271541,0.07138139414469846,0.10328867611283887,-27.47412975816617,5.6772878766323425,118.53958461538488,3.7307692307692313,0.5751153846153854,0.3787096168596198,0.3387455871007631,0.3048490266294484,0.23183490449059024,0.2926010841812773,0.26828066386077504,0.23891636878267344,0.2906176250326817,0.2537932691517949,0.31492541344999075,0.24120904860104134,0.2425566720823893,0.2889477130080195,0.27237337445074783,0.27060393221103346,0.21715237943840135,0.2585150603437356,0.2529169195460699,0.23224524432019306,0.2637956644040635,0.2346777730351774,0.27389735814307226,0.2328034933311645,0.2369235208125151,35.741789127707314,-69.26914121686039,4.382812823549301,-1.4077784828621946,9.349053478728486,-17.873651800550913,-3.4740436428227772,-2.1809424207392767,0.7380821898207103,-0.2381679081898125,3.5335004610827405,5.121710342354803,5.397653523350911,48.80587893707683,39.99485133126251,32.207884428242785,29.932782397699754,23.721342900519105,24.76039222552116,18.130230891456076,21.227260374014282,14.380596859987204,12.451069343128573,19.32393560013966,"[-69.26914121686039, 4.382812823549301, -1.4077784828621946, 9.349053478728486, -17.873651800550917, -3.474043642822777, -2.180942420739277, 0.7380821898207103, -0.23816790818981246, 3.53350046108274]","[48.805878937076834, 39.99485133126251, 32.207884428242785, 29.932782397699754, 23.721342900519105, 24.76039222552116, 18.130230891456073, 21.22726037401428, 14.380596859987204, 12.451069343128575]","[-69.26914121686039, 4.382812823549301, -1.4077784828621946, 9.349053478728486, -17.873651800550917, -3.474043642822777, -2.180942420739277, 0.7380821898207103, -0.23816790818981246, 3.53350046108274]","[48.805878937076834, 39.99485133126251, 32.207884428242785, 29.932782397699754, 23.721342900519105, 24.76039222552116, 18.130230891456073, 21.22726037401428, 14.380596859987204, 12.451069343128575]"
1998,New Age,311.8270544036698,5.174311926605505,0.4722752293577989,-15.660284403669712,0.6330275229357798,0.5475963302752291,-19.52921153848281,5.958516562106869,0.06498050197549406,0.08657850307161029,-26.59255024047793,6.081870952453174,122.4673302752294,3.7247706422018343,0.5533577981651374,0.3716045964782031,0.3559970908623072,0.32586131069141144,0.23549910128232926,0.2730495667390124,0.2676697466503843,0.2723470960335325,0.33068279143019136,0.23482793134050856,0.2886042795541512,0.2457203706366265,0.2595752875257412,0.2802947998494522,0.2626384757772968,0.27277533327936554,0.2138946151660013,0.2510799887507952,0.25151708075984164,0.2357226486888059,0.280982272003664,0.216590493479685,0.2641664272423957,0.2339088258110209,0.2458733014627144,36.89475838613431,-61.86893187013814,4.192488450751656,1.964829728625384,12.939908478449954,-14.825677905425927,-6.7696460156850184,-5.638358882816196,-0.956947378090667,-1.2246952617931737,3.883742660907735,4.253473759742763,5.6913820451767565,47.068375387812516,42.738659171009964,34.06816275305926,29.144615714417967,25.91728861446445,24.75205205313114,18.545629755885752,21.31341742866931,15.571192819835696,13.530356278579404,19.34740924148499,"[-61.86893187013814, 4.192488450751656, 1.964829728625384, 12.939908478449956, -14.825677905425929, -6.769646015685019, -5.638358882816196, -0.956947378090667, -1.2246952617931737, 3.8837426609077346]","[47.06837538781252, 42.73865917100996, 34.06816275305926, 29.144615714417967, 25.917288614464447, 24.75205205313114, 18.545629755885752, 21.31341742866931, 15.571192819835696, 13.530356278579406]","[-61.86893187013814, 4.192488450751656, 1.964829728625384, 12.939908478449956, -14.825677905425929, -6.769646015685019, -5.638358882816196, -0.956947378090667, -1.2246952617931737, 3.8837426609077346]","[47.06837538781252, 42.73865917100996, 34.06816275305926, 29.144615714417967, 25.917288614464447, 24.75205205313114, 18.545629755885752, 21.31341742866931, 15.571192819835696, 13.530356278579406]"
1999,New Age,288.01728679104474,5.619402985074627,0.492649253731344,-16.78705223880598,0.5373134328358209,0.5493283582089551,-20.989140065920893,6.111003003614017,0.06436342820067663,0.08017759292073755,-27.641217533843,6.103034785072598,121.89497014925371,3.6343283582089554,0.5519253731343284,0.3502980978976232,0.31342727787021785,0.29223603912146995,0.21525642119374155,0.313018171048277,0.2444589669572604,0.2675069127804157,0.3142215838300475,0.2432361690492524,0.3196058096792735,0.21948915166523755,0.28653231709046795,0.28052078377057105,0.25504576339983376,0.2716758985496953,0.2054686757334613,0.2773527249667144,0.2392216180002017,0.2385739604156829,0.2736069019250977,0.2209680441147084,0.29107745274029656,0.2165031549678553,0.2682037721059408,35.674174123153904,-67.65447798971657,-0.618166768831777,-3.7644726694968913,12.94282512735314,-15.352649625979419,-5.708938174554402,-4.708219096264275,-0.9710971507138078,-1.8000090922257352,2.467405374979573,3.5516023363762748,5.7913803254538525,47.97061194050026,41.76085407683651,33.50461625310777,29.957738641114148,24.84830349127039,24.63793698311781,18.57555647548444,20.746612573902066,15.167943159567375,13.101006519717536,20.094274241755503,"[-67.65447798971657, -0.618166768831777, -3.7644726694968913, 12.94282512735314, -15.35264962597942, -5.708938174554401, -4.708219096264275, -0.9710971507138078, -1.8000090922257352, 2.4674053749795726]","[47.97061194050026, 41.76085407683651, 33.50461625310777, 29.95773864111415, 24.84830349127039, 24.63793698311781, 18.57555647548444, 20.746612573902063, 15.167943159567377, 13.101006519717536]","[-67.65447798971657, -0.618166768831777, -3.7644726694968913, 12.94282512735314, -15.35264962597942, -5.708938174554401, -4.708219096264275, -0.9710971507138078, -1.8000090922257352, 2.4674053749795726]","[47.97061194050026, 41.76085407683651, 33.50461625310777, 29.95773864111415, 24.84830349127039, 24.63793698311781, 18.57555647548444, 20.746612573902063, 15.167943159567377, 13.101006519717536]"
2000,New Age,306.8683293129766,5.2595419847328255,0.5215801526717551,-14.50558778625954,0.5419847328244275,0.5458778625954198,-18.2447201866282,5.7327180682647025,0.06651222127738812,0.08137316280114314,-25.23532485818743,6.192855648138317,123.29409923664116,3.8091603053435112,0.5834580152671752,0.4207635491375192,0.39776528525039395,0.3271542718281744,0.2527396772555843,0.2755232498007084,0.28318190357586337,0.27411286773505794,0.3309458640277934,0.2921048454927613,0.3082006037443992,0.2764143294210881,0.26035003837300275,0.2990272100348413,0.28439132846025283,0.2740783447445287,0.2342113336747075,0.2444642391668504,0.2596260804026266,0.2451611043838529,0.2815410195352606,0.2555059599992561,0.26813244940048475,0.26235097922802103,0.2396032258899286,38.23733832900396,-46.451312713184684,4.368101055383431,0.9918125489209456,4.9576915044389365,-15.053871216996756,0.8881672097552626,-4.700845794735779,0.800710740629659,-0.4664928868860755,2.9676814113454992,5.986661429374631,5.6157423482964495,46.45962770623421,40.94145792397216,31.94303918021062,28.925275695556827,24.49512767104112,23.309062103155803,18.06322383725904,20.3632493644578,15.445092698187931,13.143168729629204,18.30396911067766,"[-46.45131271318468, 4.368101055383431, 0.9918125489209457, 4.957691504438937, -15.053871216996754, 0.8881672097552626, -4.700845794735779, 0.800710740629659, -0.46649288688607554, 2.9676814113454992]","[46.4596277062342, 40.94145792397216, 31.94303918021062, 28.925275695556827, 24.495127671041118, 23.309062103155803, 18.06322383725904, 20.3632493644578, 15.445092698187933, 13.143168729629203]","[-46.45131271318468, 4.368101055383431, 0.9918125489209457, 4.957691504438937, -15.053871216996754, 0.8881672097552626, -4.700845794735779, 0.800710740629659, -0.46649288688607554, 2.9676814113454992]","[46.4596277062342, 40.94145792397216, 31.94303918021062, 28.925275695556827, 24.495127671041118, 23.309062103155803, 18.06322383725904, 20.3632493644578, 15.445092698187933, 13.143168729629203]"
2001,New Age,294.75036111111143,5.288888888888889,0.5336740740740739,-18.302696296296308,0.5185185185185185,0.5882074074074081,-22.797174877744517,6.260868394667221,0.0737327494012065,0.09251504691270412,-28.906349795978336,6.398535217792503,111.24319259259258,3.1777777777777776,0.5139259259259252,0.3183985805701616,0.2818262709154001,0.312818232874914,0.1891611588771476,0.3052671852757914,0.2340076139522781,0.23657335517930825,0.3047826332580791,0.21143626011979588,0.3327128011275923,0.2070523463225156,0.2563021551190832,0.2695371092312083,0.2495298378484929,0.28542503981931183,0.19168052213081135,0.27480186205441365,0.23761185688596706,0.22671017177790384,0.2793318293413236,0.20519924588137253,0.28783716812208,0.21004297311481904,0.2494098056322545,34.12188561144917,-82.29768830590162,8.67154374408361,-4.12211352193102,17.646457193209606,-17.497254430956755,-7.306175817176577,-2.0394246095619852,-5.8649392217758525,-2.480416395734874,2.9731341816689034,3.4978028941915698,6.0396628712918785,50.40369031145987,46.33839261457179,34.35808668113206,32.48159259761618,23.299488876049672,27.71771850173115,18.718799564234054,23.262618707771697,14.940588018596664,12.970383009911425,20.97177897238824,"[-82.29768830590163, 8.67154374408361, -4.12211352193102, 17.646457193209606, -17.497254430956755, -7.306175817176578, -2.039424609561985, -5.864939221775852, -2.480416395734874, 2.973134181668903]","[50.40369031145987, 46.33839261457179, 34.35808668113206, 32.481592597616185, 23.299488876049672, 27.71771850173115, 18.718799564234057, 23.2626187077717, 14.940588018596664, 12.970383009911426]","[-82.29768830590163, 8.67154374408361, -4.12211352193102, 17.646457193209606, -17.497254430956755, -7.306175817176578, -2.039424609561985, -5.864939221775852, -2.480416395734874, 2.973134181668903]","[50.40369031145987, 46.33839261457179, 34.35808668113206, 32.481592597616185, 23.299488876049672, 27.71771850173115, 18.718799564234057, 23.2626187077717, 14.940588018596664, 12.970383009911426]"
2002,New Age,296.38406121212125,5.166666666666667,0.4278636363636363,-14.583075757575765,0.5151515151515151,0.4988636363636366,-18.439943281113678,5.753112816003691,0.06680013207940035,0.09694091035402262,-25.00886173051844,5.993744350439769,122.8575303030303,3.621212121212121,0.5242272727272733,0.37796206316802267,0.35034052325188325,0.3245693328625482,0.22481033333109188,0.3093338709347765,0.2883655160897137,0.2712080495167849,0.3338566385617072,0.2479353278814422,0.3204653180512629,0.2501544022255067,0.2752406719222951,0.2914400898655648,0.2716342154146105,0.27347166672383644,0.21096894605907413,0.27178168613782416,0.25387721136462604,0.2457122928800009,0.2812963977874887,0.2327368863813938,0.28832912525656945,0.2419957775708644,0.2584429481986913,38.255574773335695,-59.80538323612411,-2.9086519721697903,-4.637529541456791,10.55889292433955,-18.52067816014704,-1.9529552237536407,-4.977190729855148,2.5675370430876403,-0.6976322178383373,2.9155358731126757,1.5742443403068684,5.548785564640781,47.417488311923144,40.57895049815545,31.641836584856936,31.27094912245709,23.73540038015541,25.012117273790878,18.336124276767496,21.349221923195373,15.073873413642984,13.476072802380195,19.053786067673773,"[-59.8053832361241, -2.90865197216979, -4.637529541456791, 10.55889292433955, -18.52067816014704, -1.9529552237536412, -4.977190729855149, 2.5675370430876403, -0.6976322178383373, 2.9155358731126753]","[47.41748831192314, 40.57895049815545, 31.641836584856936, 31.27094912245709, 23.735400380155415, 25.01211727379088, 18.336124276767496, 21.34922192319537, 15.073873413642985, 13.476072802380195]","[-59.8053832361241, -2.90865197216979, -4.637529541456791, 10.55889292433955, -18.52067816014704, -1.9529552237536412, -4.977190729855149, 2.5675370430876403, -0.6976322178383373, 2.9155358731126753]","[47.41748831192314, 40.57895049815545, 31.641836584856936, 31.27094912245709, 23.735400380155415, 25.01211727379088, 18.336124276767496, 21.34922192319537, 15.073873413642985, 13.476072802380195]"
2003,New Age,272.09587335937505,5.109375,0.4897656249999998,-14.348476562499995,0.5625,0.5443203124999997,-18.632893154470924,6.196207872700334,0.0620678150295577,0.07565964778792693,-25.606720104415,6.3287918003926436,121.43110156250007,3.734375,0.5502421874999995,0.37763556622087296,0.3536232164261519,0.29175214454860715,0.2251514774251334,0.2954512226976296,0.2537676895633584,0.2561880545826503,0.31435096339358903,0.2584211389895022,0.3202871744176359,0.23656833699842936,0.2605536216435231,0.28566597826997386,0.2789517547528189,0.26299431267502743,0.2076432259483982,0.2626456893537155,0.2404910785829865,0.24048716712216156,0.2800972345211836,0.2320454445892021,0.27610816422772405,0.22843100431058694,0.2536528770231777,37.80975046634738,-65.85350132774,-2.8244960182753736,-0.7134977942690442,6.272710663936614,-15.780432455455161,-2.5724803269199543,-5.951579699966074,-0.19775294055041728,-2.045199821340447,3.868435784037037,5.330325472584208,5.895343251784983,50.788799978637925,43.8139139867964,34.030302088739035,31.33305678383913,25.97586864571468,25.66158157679241,19.87791368616391,21.496461618593425,15.905992063728988,13.838487332325506,19.549445950546115,"[-65.85350132774, -2.8244960182753736, -0.7134977942690442, 6.272710663936614, -15.780432455455161, -2.5724803269199543, -5.951579699966074, -0.19775294055041728, -2.045199821340447, 3.8684357840370374]","[50.78879997863792, 43.8139139867964, 34.030302088739035, 31.333056783839126, 25.97586864571468, 25.661581576792415, 19.87791368616391, 21.496461618593425, 15.905992063728988, 13.838487332325505]","[-65.85350132774, -2.8244960182753736, -0.7134977942690442, 6.272710663936614, -15.780432455455161, -2.5724803269199543, -5.951579699966074, -0.19775294055041728, -2.045199821340447, 3.8684357840370374]","[50.78879997863792, 43.8139139867964, 34.030302088739035, 31.333056783839126, 25.97586864571468, 25.661581576792415, 19.87791368616391, 21.496461618593425, 15.905992063728988, 13.838487332325505]"
2004,New Age,315.9961045945949,5.013513513513512,0.4367297297297296,-19.584581081081094,0.5675675675675675,0.5084594594594589,-23.99031678518754,6.190744952295513,0.12579966619456825,0.19466852238849827,-30.008707504440988,6.215566198557619,120.83160810810809,3.6216216216216215,0.534067567567567,0.3509631174223572,0.2798070804820273,0.3110035073230791,0.20753152293169275,0.27553184783014845,0.2581903098428137,0.22172822566358366,0.29690195233901473,0.22263900958607047,0.30296117209185164,0.21846937470198816,0.2408600366179016,0.28482623784521743,0.2550253305347747,0.26838810522743084,0.1991378811159969,0.2438869660447557,0.2357079989232777,0.21072458554700452,0.2754853988938147,0.2120805864060053,0.2579037010319102,0.214120710473945,0.23158530567202634,32.98100497381811,-91.23809228759164,-1.3104521236650395,-7.7515333613719175,17.600569953635738,-20.89671360559427,-2.020024441750682,2.2814384791270563,-1.4081965764857165,1.5395177505974793,1.399044571631329,-0.7397034150795094,5.972609797263485,56.99104824787728,43.25225781766968,31.03123650455101,32.107603208358626,21.464871487170356,25.682749091089768,18.399030468234237,22.990340169925442,14.399392777358475,12.071215106552064,19.690670654974998,"[-91.23809228759166, -1.3104521236650397, -7.751533361371918, 17.60056995363574, -20.89671360559427, -2.020024441750682, 2.281438479127056, -1.4081965764857165, 1.5395177505974793, 1.3990445716313287]","[56.99104824787728, 43.25225781766968, 31.031236504551007, 32.107603208358626, 21.464871487170353, 25.682749091089775, 18.399030468234237, 22.99034016992544, 14.399392777358477, 12.071215106552065]","[-91.23809228759166, -1.3104521236650397, -7.751533361371918, 17.60056995363574, -20.89671360559427, -2.020024441750682, 2.281438479127056, -1.4081965764857165, 1.5395177505974793, 1.3990445716313287]","[56.99104824787728, 43.25225781766968, 31.031236504551007, 32.107603208358626, 21.464871487170353, 25.682749091089775, 18.399030468234237, 22.99034016992544, 14.399392777358477, 12.071215106552065]"
2005,New Age,284.9722447619047,5.349206349206349,0.5895396825396825,-14.952380952380947,0.7142857142857143,0.6493809523809522,-19.27130796686676,6.01216017228246,0.08242526337610359,0.10416860272872908,-24.927830285339304,6.262998789619976,111.82136507936501,3.6666666666666665,0.5832857142857144,0.3138161962675156,0.27500081496026857,0.3108868244680155,0.19400407111980644,0.25098921679255953,0.2271089475615728,0.2226941925276733,0.2806703561496709,0.20406963513395715,0.2891435712092653,0.21509896387239144,0.23248497198321755,0.28475179697185576,0.2572845686760385,0.2811441472390596,0.2066393772986534,0.2538224736831697,0.247045811904284,0.22703386495145936,0.2774074889588762,0.22182111089032466,0.27849943599775656,0.22978889086413604,0.2315624692775481,37.847658724202006,-86.26961882361256,10.629929905149906,-8.253622335290366,3.0505682911894656,-17.574498192340563,-4.787985620726476,-3.4644764144191265,1.7581303810788607,-2.0916064179984812,2.1002492438281433,4.844386017198682,5.84930716480288,52.90377180416295,41.72602942749836,33.761319839323455,32.622902133062084,22.814537301558328,27.061044129468065,18.95887745373969,22.738098292807013,14.717103800641974,13.651068287357562,20.649847034291035,"[-86.26961882361257, 10.629929905149906, -8.253622335290366, 3.0505682911894656, -17.574498192340563, -4.787985620726477, -3.4644764144191265, 1.758130381078861, -2.091606417998481, 2.100249243828143]","[52.90377180416295, 41.72602942749836, 33.76131983932346, 32.622902133062084, 22.814537301558335, 27.061044129468065, 18.958877453739692, 22.738098292807013, 14.717103800641972, 13.651068287357562]","[-86.26961882361257, 10.629929905149906, -8.253622335290366, 3.0505682911894656, -17.574498192340563, -4.787985620726477, -3.4644764144191265, 1.758130381078861, -2.091606417998481, 2.100249243828143]","[52.90377180416295, 41.72602942749836, 33.76131983932346, 32.622902133062084, 22.814537301558335, 27.061044129468065, 18.958877453739692, 22.738098292807013, 14.717103800641972, 13.651068287357562]"
2006,New Age,300.89476709677416,5.161290322580644,0.425983870967742,-16.01283870967742,0.5806451612903226,0.5061129032258065,-19.785465869990283,5.753104062532297,0.08529070695114062,0.12652416230502758,-26.15415627937894,5.9136660344699035,121.00248387096781,3.629032258064516,0.4960161290322582,0.3729974642390871,0.3416068809029993,0.2994437526806398,0.25978071282616433,0.27013125318379977,0.2766638128927343,0.24667516593254624,0.3032477605850865,0.2754103591167942,0.31108985798390754,0.2802668511197792,0.22761949357510505,0.27847676445503144,0.2619604233541781,0.2630448290331244,0.22426590859911547,0.22828913853823585,0.26545660144170186,0.22012752259091714,0.25479265069438195,0.2448189692785485,0.2619857063730554,0.24875775095452166,0.22146746947583226,37.01302887462828,-83.33675985039689,12.15303682984854,-1.6028427018920417,19.990380651125108,-17.730689103873434,-4.65352379476106,-0.3458127654736793,-2.2492975361255585,-0.9171099918925572,3.959028819827055,5.859732164069968,5.5451344243129155,49.35956626461017,41.080812230340975,32.95120926622853,30.77773661548881,23.223536307906656,24.234168398125334,18.920678883022422,19.959965892589146,15.312483577135053,12.572588812463868,18.298909244249803,"[-83.33675985039689, 12.153036829848539, -1.6028427018920417, 19.99038065112511, -17.730689103873434, -4.6535237947610595, -0.34581276547367934, -2.2492975361255585, -0.9171099918925573, 3.959028819827055]","[49.359566264610166, 41.08081223034098, 32.95120926622853, 30.777736615488813, 23.223536307906656, 24.234168398125338, 18.92067888302242, 19.959965892589146, 15.312483577135053, 12.572588812463867]","[-83.33675985039689, 12.153036829848539, -1.6028427018920417, 19.99038065112511, -17.730689103873434, -4.6535237947610595, -0.34581276547367934, -2.2492975361255585, -0.9171099918925573, 3.959028819827055]","[49.359566264610166, 41.08081223034098, 32.95120926622853, 30.777736615488813, 23.223536307906656, 24.234168398125338, 18.92067888302242, 19.959965892589146, 15.312483577135053, 12.572588812463867]"
2007,New Age,290.60379387755114,5.816326530612245,0.3905714285714289,-20.82589795918367,0.5306122448979592,0.4524489795918366,-24.993931728810374,5.8195625233712445,0.11652995028196365,0.20621761482582926,-30.448223963129372,6.409454384063325,103.98887755102044,3.4489795918367347,0.4815306122448981,0.3533969909185256,0.3115237087935321,0.3150902886271352,0.26435812298832273,0.271313540112312,0.2880906553757457,0.2666559494192271,0.2956223996379696,0.2725827685531592,0.30524988604220465,0.2702630625844646,0.2728674911070205,0.2659084850115633,0.2384717147915024,0.2539319639769876,0.21532069984731292,0.2375244409121483,0.24839171426309736,0.2253250201678286,0.2372433373881473,0.2162197722193684,0.26143707120827164,0.2270513411291356,0.2196524088499027,32.20269702196857,-99.39458441373444,-1.3483572277873557,-12.788610075762953,27.34310053442709,-25.23897778623941,-5.201567016555226,4.7522600278847476,-9.530309382300542,-0.8140058300652594,1.9520441528452728,-0.20086545056959168,5.759488774485785,53.99817751647878,42.675447095325715,32.092461247493226,30.564918031067496,20.641660918893585,24.164844105800857,19.17079185882647,21.41381484399633,14.302906581851296,11.56442057957947,18.865280144407624,"[-99.39458441373445, -1.3483572277873555, -12.788610075762952, 27.34310053442709, -25.238977786239406, -5.201567016555226, 4.752260027884748, -9.530309382300542, -0.8140058300652594, 1.9520441528452728]","[53.99817751647879, 42.67544709532571, 32.09246124749323, 30.564918031067496, 20.641660918893585, 24.164844105800857, 19.17079185882647, 21.41381484399633, 14.302906581851298, 11.56442057957947]","[-99.39458441373445, -1.3483572277873555, -12.788610075762952, 27.34310053442709, -25.238977786239406, -5.201567016555226, 4.752260027884748, -9.530309382300542, -0.8140058300652594, 1.9520441528452728]","[53.99817751647879, 42.67544709532571, 32.09246124749323, 30.564918031067496, 20.641660918893585, 24.164844105800857, 19.17079185882647, 21.41381484399633, 14.302906581851298, 11.56442057957947]"
2008,New Age,259.52462611111105,4.888888888888889,0.3950555555555556,-13.606222222222213,0.4722222222222222,0.4462222222222221,-18.435260976984637,6.677995407028193,0.07193595539004266,0.08583343325396277,-24.940047032192965,6.709171877945062,109.26111111111116,3.8055555555555554,0.4803055555555552,0.3640348958144348,0.3404178319243797,0.2903692491429664,0.22815493512801044,0.3243389063576285,0.2295060126890809,0.2666845819500907,0.2918405937239544,0.21669839583041328,0.30409009671431914,0.2196007898215644,0.3169777056889797,0.2991881802807768,0.28369790664260075,0.2713474659990708,0.22056976111961515,0.3006905688590433,0.23002401732092484,0.2489497363406805,0.2788146540764813,0.21346230091507934,0.29241183751339256,0.23344722656905634,0.2888151742275826,38.227788733374375,-66.15395830258221,6.728571623861032,-4.573201442997758,0.2348911350598256,-14.089047905336086,0.7068603446074492,-3.6670164806982406,-0.3748310938272277,-2.5687660014324423,0.4318232440383834,2.665057654907957,6.354959766535345,50.55933873200219,44.635648409923775,33.857036553450925,31.215772900777463,24.732512969727978,27.27522813777952,20.168420130797227,20.675666139924893,15.867546678839593,13.925226320990797,19.772118059631527,"[-66.1539583025822, 6.728571623861031, -4.573201442997758, 0.23489113505982562, -14.089047905336084, 0.7068603446074492, -3.66701648069824, -0.3748310938272277, -2.5687660014324423, 0.4318232440383834]","[50.55933873200219, 44.63564840992377, 33.857036553450925, 31.215772900777466, 24.732512969727978, 27.275228137779525, 20.168420130797227, 20.675666139924896, 15.867546678839593, 13.925226320990795]","[-66.1539583025822, 6.728571623861031, -4.573201442997758, 0.23489113505982562, -14.089047905336084, 0.7068603446074492, -3.66701648069824, -0.3748310938272277, -2.5687660014324423, 0.4318232440383834]","[50.55933873200219, 44.63564840992377, 33.857036553450925, 31.215772900777466, 24.732512969727978, 27.275228137779525, 20.168420130797227, 20.675666139924896, 15.867546678839593, 13.925226320990795]"
2009,New Age,282.0622874999999,4.785714285714286,0.4451071428571428,-16.250428571428568,0.4642857142857143,0.5093928571428572,-20.679065508209664,6.304777557003393,0.07460814871877383,0.11167763911978823,-28.362101972430768,6.711210924646951,123.42792857142864,3.8571428571428568,0.5632499999999998,0.39017880331340815,0.3243430433788525,0.3027701971841255,0.22566176392900694,0.2850035835463278,0.24970791279976304,0.2347938378608832,0.30102658236294355,0.2502332688349128,0.31929719931880546,0.25045011295470426,0.2641551700514522,0.2852736781415701,0.2552512535681866,0.27338415353015183,0.2138817311864798,0.26464209942368105,0.2497682847362168,0.2260035652300579,0.2873371253786721,0.23579397960707466,0.2840246517389879,0.2347753699527743,0.2454704669630961,35.647773217214045,-87.3585889860422,-0.4877451780027886,4.110635367945586,12.979082716184953,-13.758677812544699,-3.6318983290334095,2.1430968783853332,-3.461738224975064,-0.7261857911834466,3.092944150758364,-0.4395175603036166,5.9967458394063895,52.257183337926186,50.35667844491315,36.5607430739757,35.892467161309995,27.899777028370863,27.221021921036893,21.074750384702345,24.02915049437391,16.319454968931932,14.440214135978739,19.364530947929875,"[-87.35858898604218, -0.48774517800278855, 4.110635367945586, 12.979082716184953, -13.7586778125447, -3.6318983290334095, 2.143096878385333, -3.461738224975064, -0.7261857911834466, 3.0929441507583637]","[52.25718333792619, 50.35667844491315, 36.5607430739757, 35.89246716131, 27.899777028370863, 27.221021921036893, 21.074750384702345, 24.02915049437391, 16.319454968931932, 14.44021413597874]","[-87.35858898604218, -0.48774517800278855, 4.110635367945586, 12.979082716184953, -13.7586778125447, -3.6318983290334095, 2.143096878385333, -3.461738224975064, -0.7261857911834466, 3.0929441507583637]","[52.25718333792619, 50.35667844491315, 36.5607430739757, 35.89246716131, 27.899777028370863, 27.221021921036893, 21.074750384702345, 24.02915049437391, 16.319454968931932, 14.44021413597874]"
2010,New Age,143.5424,2.0,0.218,-17.346,0.0,0.507,-21.221783333333327,5.704118605860349,0.034143694444444435,0.011607835713955955,-28.206788888888887,5.047935086073302,152.787,1.0,0.0,0.4024166666666668,0.15917222222222216,0.4464138888888891,0.09475833333333332,0.16383333333333328,0.4245472222222224,0.1227305555555555,0.16351944444444452,0.121525,0.4125944444444444,0.3826111111111113,0.10840277777777778,0.360143171761824,0.22298263087702472,0.33694310157055835,0.10514268050553432,0.2265878049086785,0.3625152839583387,0.18019918658011705,0.22570538727317924,0.18561556579093488,0.29531967984282564,0.38778946735007497,0.14075418483242166,35.57203333333332,-189.74421944444444,10.323536111111112,4.57049166666666,3.2723305555555573,-6.9711444444444455,-36.760725000000015,-8.809655555555553,1.0603166666666657,-1.4456777777777774,9.658249999999994,-8.008388888888888,5.072943627060462,49.015447140889044,33.08238063051129,28.976839539151072,30.11899237218492,24.518798045608964,18.948476182486647,21.237682804215464,23.73299958531136,13.509498102839252,10.937527071903007,19.63739030477571,"[-189.74421944444444, 10.323536111111112, 4.57049166666666, 3.2723305555555573, -6.9711444444444455, -36.760725000000015, -8.809655555555553, 1.0603166666666657, -1.4456777777777774, 9.658249999999994]","[49.015447140889044, 33.08238063051129, 28.97683953915107, 30.118992372184916, 24.518798045608964, 18.948476182486647, 21.237682804215464, 23.73299958531136, 13.509498102839252, 10.937527071903007]","[-189.74421944444444, 10.323536111111112, 4.57049166666666, 3.2723305555555573, -6.9711444444444455, -36.760725000000015, -8.809655555555553, 1.0603166666666657, -1.4456777777777774, 9.658249999999994]","[49.015447140889044, 33.08238063051129, 28.97683953915107, 30.118992372184916, 24.518798045608964, 18.948476182486647, 21.237682804215464, 23.73299958531136, 13.509498102839252, 10.937527071903007]"
